,Alpha,Error
0,0.02,6092519.012924488
1,0.04,1987105.7472522277
2,0.06,22268524.384599302
3,0.08,6679819.602962252
4,0.1,27010410.223683618
5,0.12,1854674.635764195
6,0.14,12609217.772711635
7,0.16,13328333.63742555
8,0.18,3388782.459435587
9,0.2,67959651.50797963
10,0.22,38577802.54135468
11,0.24,179605757.93208078
12,0.26,4356455.307967211
13,0.28,32459469.313273754
14,0.3,179106276.5056973
