,Alpha,Error
0,0.1,2607076.159888575
1,0.2,1852576.7370041905
2,0.3,77129332.77377938
