,Alpha,Error
0,0.0001,4512075.001275661
1,0.0002,3215454.7219272116
2,0.00030000000000000003,6757154.120503261
3,0.0004,4.755600478055582e+71
4,0.0005,
5,0.0006000000000000001,
6,0.0007,
7,0.0008,
8,0.0009000000000000001,
9,0.001,
10,0.0011,
11,0.0012000000000000001,
12,0.0013000000000000002,
13,0.0014,
14,0.0015,
